Category,Component / Description,Source,Quantity,Price Details,Subtotal (INR)
Core Computers & Radios,Raspberry Pi 4 Model B (4GB RAM),Robocraze,1,"9,599 each",9599
Core Computers & Radios,SanDisk 64GB Micro SD-SDHC Memory Card,Robocraze,1,"1,889 each",1889
Core Computers & Radios,HDMI to Micro HDMI Cable,Robocraze,1,165 each,165
Core Computers & Radios,Waveshare SX1262 LoRa HAT for Raspberry Pi,Electro piiee,3,"3 units @ 1,999 each including shipping",7076
Audio Peripherals & Visual Displays,INMP441 MEMS Digital Microphone Module (I2S),Robocraze,2,2 units @ 180 each,360
Audio Peripherals & Visual Displays,SmartElex I2S Audio Breakout - MAX98357A,Techtonics,2,2 units @ 240 each,480
Audio Peripherals & Visual Displays,3W 4-Ohm 2-Inch Full Range Stereo Audio Speaker Woofer,Robu.in,2,2 units @ 120 each,240
Audio Peripherals & Visual Displays,0.96-inch SSD1306 OLED Display Module (4-Pin I2C),Robu.in,2,2 units @220 each,440
Portable Power Banks & Hardware Bits,Nextech 15W / 10000mAh CASE 3 Charging Power Bank,Robocraze,2,2 units @ 700 each,1400
Portable Power Banks & Hardware Bits,400-Point Solderless Prototyping Breadboard,Robocraze,2,2 units @ 75 each,150
Portable Power Banks & Hardware Bits,12mm Momentary Tactile Push Buttons (5-Pack),Robocraze,2,2 packs @ 20 each,60
Portable Power Banks & Hardware Bits,Male-to-Male (M-M) Jumper Wires Bundle,Robocraze,2,2 packs @ 70 each,150
Portable Power Banks & Hardware Bits,Female-to-Male (F-M) Jumper Wires Bundle,Robocraze,2,2 packs @ 70 each,150
Portable Power Banks & Hardware Bits,10k Ohm Metal Film Resistors (Pack of 10),Robocraze,1,25 each,25
Portable Power Banks & Hardware Bits,Short USB-A to USB-C Data Cable,Robocraze,2,2 units @ 60 each,120
Portable Power Banks & Hardware Bits,LoRa Antenna 868MHz 3.2dBi SMA Male,Local,3,3 units @100 each,300
Fabrication Tools & Case Build Setup,Noel 25W Soldering Iron Tool,Robocraze,1,126 each,126
Fabrication Tools & Case Build Setup,High-Grade Solder Wire Spool (90g),Robocraze,1,269 each,269
Fabrication Tools & Case Build Setup,PerfBoad,Robocraz,1,Batch of 5-10 boards,100
Fabrication Tools & Case Build Setup,"Sender Station Handheld Unit Case Setup (PETG frame, TPU bumpers, brass inserts, screws)",Custom / 3D Print,1,"1,180 each",1180
Fabrication Tools & Case Build Setup,Receiver Station Handheld Unit Case Setup,Custom / 3D Print,1,"1,180 each",1180
Grand Total,₹30,859.79 INR($320.60 USD)
